"RT @PineMartenIndia: Whatever be the decision,stay calm, stay Collected üôèüèº 
#AYODHYAVERDICT 
#BabriMasjid 
#AyodhyaCase 
#AyodhyaHearing 
#‚Ä¶ "
RT @GuideforAll: Big Breaking: Hindus to get Ayodhya Land  Alternate land to be allowed for Muslims to balance the claim by both the commun‚Ä¶
"RT @archu243: Take a bow CJI, #RanjanGogoi 

You will go down in history as the man who brought the #AyodhyaCase to its logical conclusion‚Ä¶ "
"RT @ParwezAalm: Supreme court's judgment should be welcomed by everyone. It is a  historic judgment by supreme Court. With this judgment, t‚Ä¶ "
RT @IsmailYSyed: My latest piece on #AyodhyaCase: a worrying precedent - every place of worship can be a potential takeover on the grounds‚Ä¶ 
"The mob that brought down #BabriMasjid rules #india now. #India is a rogue republic. 
#AYODHYAVERDICT‚Ä¶ https://t.co/lienjPaPLL "
My latest piece on #AyodhyaCase: a worrying precedent - every place of worship can be a potential takeover on the g‚Ä¶ https://t.co/jVyUSR0H7j 
"RT @archu243: Take a bow CJI, #RanjanGogoi 

You will go down in history as the man who brought the #AyodhyaCase to its logical conclusion‚Ä¶ "
"RT @Deewana_Dev_: This is true India and an actual definition of peace attained after the verdict !!

Spread Love and Peace ! ‚ù§

@PraveenSe‚Ä¶ "
"RT @mytentaran: ANI reports: Zafaryab Jilani, Sunni Waqf Board Lawyer: We respect the judgement but we are not satisfied, we will decide fu‚Ä¶ "
"RT @Anujmaausha: Many Muslim are also in favour of Ram temple , they know that there was only Ram temple in Ayodhya janmbhumi.
#Ayodhya #Ay‚Ä¶ "
"RT @archu243: Take a bow CJI, #RanjanGogoi 

You will go down in history as the man who brought the #AyodhyaCase to its logical conclusion‚Ä¶ "
"RT @nbtvlivenews: This victory is neither for Hindus nor for Muslims. This is the victory of the ancestors of 135 crore people of India.
#A‚Ä¶ "
"RT @GuideforAll: #QuestionOfTheDay:

675. On which river bank is Ayodhya situated ? 

[A] Ganges
[B] Gomati
[C] Saryu
[D] Yamuna

Answer &amp;‚Ä¶ "
RT @GuideforAll: Big Breaking: Hindus to get Ayodhya Land  Alternate land to be allowed for Muslims to balance the claim by both the commun‚Ä¶
RT @astrosumitbajaj: Accurate Prediction : Historical Judgement by Supreme court. #RamMandir #AyodhyaJudgment #BabriMasjid #Ayodhya #Ayodhy‚Ä¶ 
"RT @archu243: Take a bow CJI, #RanjanGogoi 

You will go down in history as the man who brought the #AyodhyaCase to its logical conclusion‚Ä¶ "
"RT @tmanipalj: The Manipal Journal explores the timeline leading up to this landmark judgement of the Ayodhya verdict.
 https://t.co/YPEQDI‚Ä¶ "
"Shahi imam of jama masjid imam bukari said"" we accept the decision of the supreme court's verdict. We don't stretch‚Ä¶ https://t.co/utSjQtDel0 "
The Manipal Journal explores the timeline leading up to this landmark judgement of the Ayodhya verdict.‚Ä¶ https://t.co/g6nnBEBHp7 
"RT @GuideforAll: #QuestionOfTheDay:

675. On which river bank is Ayodhya situated ? 

[A] Ganges
[B] Gomati
[C] Saryu
[D] Yamuna

Answer &amp;‚Ä¶ "
"RT @barandbench: #AyodhyaCase: A Supreme Court Bench of Chief Justice of India Ranjan Gogoi and Justices SA Bobde, DY Chandrachud, Ashok Bh‚Ä¶ "
"RT @archu243: Take a bow CJI, #RanjanGogoi 

You will go down in history as the man who brought the #AyodhyaCase to its logical conclusion‚Ä¶ "
"RT @barandbench: #AyodhyaCase: A Supreme Court Bench of Chief Justice of India Ranjan Gogoi and Justices SA Bobde, DY Chandrachud, Ashok Bh‚Ä¶ "
RT @GuideforAll: Big Breaking: Hindus to get Ayodhya Land  Alternate land to be allowed for Muslims to balance the claim by both the commun‚Ä¶
"RT @ThAlkaSingh: @sudhirchaudhary Take a bow CJI, #RanjanGogoi 

You will go down in history as the man who brought the #AyodhyaCase to its‚Ä¶ "
"RT @iam_Tharani: #AyodhyaCase
#AyodhyaHearing
#AYODHYAVERDICT
#AyodhyaJudgment 
#BabriMasjid #BabriMasjidCase
#RamMandir 

Agree RT 
üôèüôèüôèüôèüôèüôè‚Ä¶ "
"RT @archu243: Take a bow CJI, #RanjanGogoi 

You will go down in history as the man who brought the #AyodhyaCase to its logical conclusion‚Ä¶ "
"RT @GuideforAll: #QuestionOfTheDay:

675. On which river bank is Ayodhya situated ? 

[A] Ganges
[B] Gomati
[C] Saryu
[D] Yamuna

Answer &amp;‚Ä¶ "
"RT @rao_nava: Just in :

Robert Vadra filed a case in Supreme Court saying that the disputed land in Ayodhya must be given to him...üòÇüòÇ

#AY‚Ä¶ "
"INDIA: üáÆüá≥

Ayodhya verdict | Unimpeded right in outer courtyard wins whole site for Hindus

https://t.co/wohrI3ghF6‚Ä¶ https://t.co/WPoaHzwLL1 "
"RT @archu243: Take a bow CJI, #RanjanGogoi 

You will go down in history as the man who brought the #AyodhyaCase to its logical conclusion‚Ä¶ "
"RT @rao_nava: Big Breaking

The Disputed land must be given to Hindus : Supreme Court

Ram ji Vanavas khatam.. 
Ram Rajya Shuru... 
üï∫üï∫üï∫üï∫üï∫üï∫üï∫‚Ä¶ "
"RT @archu243: Take a bow CJI, #RanjanGogoi 

You will go down in history as the man who brought the #AyodhyaCase to its logical conclusion‚Ä¶ "
"RT @rao_nava: Just in :

Robert Vadra filed a case in Supreme Court saying that the disputed land in Ayodhya must be given to him...üòÇüòÇ

#AY‚Ä¶ "
"RT @archu243: Take a bow CJI, #RanjanGogoi 

You will go down in history as the man who brought the #AyodhyaCase to its logical conclusion‚Ä¶ "
"RT @malik0oo: PM #ImranKhan Arrived at #Sialkot For Inaguration of #kartapurCorridor 
#KartarpurPakistansInitiative  #DGISPR
#BabriMasjid #‚Ä¶ "
"RT @barandbench: #AyodhyaCase: A Supreme Court Bench of Chief Justice of India Ranjan Gogoi and Justices SA Bobde, DY Chandrachud, Ashok Bh‚Ä¶ "
"RT @VamsiChandReddy: All #Congress leaders shall speak only the official stand of the @INCIndia party on the
#AYODHYAVERDICT #AyodhyaCase #‚Ä¶ "
"RT @archu243: Take a bow CJI, #RanjanGogoi 

You will go down in history as the man who brought the #AyodhyaCase to its logical conclusion‚Ä¶ "
"RT @archu243: Take a bow CJI, #RanjanGogoi 

You will go down in history as the man who brought the #AyodhyaCase to its logical conclusion‚Ä¶ "
RT @NakulOm23: ‡§∂‡•ç‡§∞‡•Ä ‡•ê Âçê üáÆüá≥ Akhir ant mai jeet shree Ram ki hi hoti hai. At last God Ram will only win.@SCJudgments- It was the birthplace o‚Ä¶ 
RT @Indialaws: Historical day. We'll crafted and brilliant judgment by the Hon‚Äôble SC. Explanation of juristic person also makes the issue‚Ä¶ 
"RT @archu243: Take a bow CJI, #RanjanGogoi 

You will go down in history as the man who brought the #AyodhyaCase to its logical conclusion‚Ä¶ "
"RT @Sidh_Msd_7: Whatever be the Judgment, Let the Country Win Today and Forever. 
 #AllIndiansAreMyBrothersAndSisters 
#hindumuslimbhaibhai‚Ä¶ "
"RT @immabadman666: Whatever the verdict be, this is how Tamil Nadu will stay today, stayed in the past and will stay on in the future. ‚ù£Ô∏èüïâÔ∏è‚Ä¶ "
"RT @PeopleforPeace2: COME, stand in unity to spread the message of #peace &amp; communal #harmony. #AYODHYAVERDICT
#AyodhyaCase #AyodhyaHearing‚Ä¶ "
"RT @barandbench: #AyodhyaCase: A Supreme Court Bench of Chief Justice of India Ranjan Gogoi and Justices SA Bobde, DY Chandrachud, Ashok Bh‚Ä¶ "
"(4/5) life. Literally anything more positive for humanity than arbitrary religious structures. I pray for peace,lov‚Ä¶ https://t.co/lWS1adz2Tl "
"Sigh, we can now focus on developing Ayodhya the way it should be. SC, paving way for a better future.‚Ä¶ https://t.co/aWMNmxBIT4 "
"RT @barandbench: #AyodhyaCase: A Supreme Court Bench of Chief Justice of India Ranjan Gogoi and Justices SA Bobde, DY Chandrachud, Ashok Bh‚Ä¶ "
"@asadowaisi #live on #AjjTak #News #Channel

#Speaks about, #BabriMasjid says ""we are not #satisfied from this‚Ä¶ https://t.co/Wa5ex4rPsl "
Whatever happens. Happens for good as per the plan for Allah. Supreme Courts order should be acceptable by all the‚Ä¶ https://t.co/dx2v5vxMO4 
"RT @archu243: Take a bow CJI, #RanjanGogoi 

You will go down in history as the man who brought the #AyodhyaCase to its logical conclusion‚Ä¶ "
"RT @archu243: Take a bow CJI, #RanjanGogoi 

You will go down in history as the man who brought the #AyodhyaCase to its logical conclusion‚Ä¶ "
"RT @archu243: Take a bow CJI, #RanjanGogoi 

You will go down in history as the man who brought the #AyodhyaCase to its logical conclusion‚Ä¶ "
"RT @GuideforAll: #QuestionOfTheDay:

675. On which river bank is Ayodhya situated ? 

[A] Ganges
[B] Gomati
[C] Saryu
[D] Yamuna

Answer &amp;‚Ä¶ "
"RT @1manishtiwari: Don't forget them tommorow !

#AYODHYAVERDICT
#AyodhyaCase
#‡§Ö‡§Ø‡•ã‡§ß‡•ç‡§Ø‡§æ
#RamMandir #‡§Ö‡§Ø‡•ã‡§ß‡•ç‡§Ø‡§æ #AyodhyaHearing  #BabriMasjid #A‚Ä¶ "
"RT @rabbanikr: Sharing YouTube link of #MillatAurMasail on #AYODHYAVERDICT
Pls watch
#AyodhyaHearing #AyodhyaCase #RamTemple #babrimasjid
@‚Ä¶ "
"RT @archu243: Take a bow CJI, #RanjanGogoi 

You will go down in history as the man who brought the #AyodhyaCase to its logical conclusion‚Ä¶ "
"RT @archu243: Take a bow CJI, #RanjanGogoi 

You will go down in history as the man who brought the #AyodhyaCase to its logical conclusion‚Ä¶ "
"@RanaAyyub There's no need to sensationalize today's verdict. It was not the sanction of any pogrom.

#Ayodhya‚Ä¶ https://t.co/4IKNG7yI9K "
‡§∂‡•ç‡§∞‡•Ä ‡•ê Âçê üáÆüá≥ Akhir ant mai jeet shree Ram ki hi hoti hai. At last God Ram will only win.@SCJudgments- It was the bir‚Ä¶ https://t.co/EmNgmN2v9P 
RT @astrosumitbajaj: Accurate Prediction : Historical Judgement by Supreme court. #RamMandir #AyodhyaJudgment #BabriMasjid #Ayodhya #Ayodhy‚Ä¶ 
"November 8 2016 Attack on Indian Economy : Demonetization

November 9 2019 Attack on the Indian judiciary system, l‚Ä¶ https://t.co/PaKERGGwhe "
RT @astrosumitbajaj: Accurate Prediction : Historical Judgement by Supreme court. #RamMandir #AyodhyaJudgment #BabriMasjid #Ayodhya #Ayodhy‚Ä¶ 
"RT @barandbench: #AyodhyaCase: A Supreme Court Bench of Chief Justice of India Ranjan Gogoi and Justices SA Bobde, DY Chandrachud, Ashok Bh‚Ä¶ "
"#Article370 &amp; #RamMandir done.
Uniform Civil code coming soon!
R u ready @RanaAyyub?
#AyodhaVerdict #AyodhyaCase‚Ä¶ https://t.co/zuifhclWs1 "
After #RamMandir verdict the next challenge for all right wings parties is they have shape Hindutva in new shape an‚Ä¶ https://t.co/fmV8xXPqMx 
"RT @archu243: Take a bow CJI, #RanjanGogoi 

You will go down in history as the man who brought the #AyodhyaCase to its logical conclusion‚Ä¶ "
"RT @archu243: Take a bow CJI, #RanjanGogoi 

You will go down in history as the man who brought the #AyodhyaCase to its logical conclusion‚Ä¶ "
"RT @barandbench: #AyodhyaCase: A Supreme Court Bench of Chief Justice of India Ranjan Gogoi and Justices SA Bobde, DY Chandrachud, Ashok Bh‚Ä¶ "
"RT @ChetanNature: Indeed, a historic verdict of honourable Supreme Court. 
Let's imbibe it and respect it. 
#AyodhyaJudgment 
#AyodhyaCase‚Ä¶ "
"RT @ThAlkaSingh: @sudhirchaudhary Take a bow CJI, #RanjanGogoi 

You will go down in history as the man who brought the #AyodhyaCase to its‚Ä¶ "
"RT @archu243: Take a bow CJI, #RanjanGogoi 

You will go down in history as the man who brought the #AyodhyaCase to its logical conclusion‚Ä¶ "
"RT @archu243: Take a bow CJI, #RanjanGogoi 

You will go down in history as the man who brought the #AyodhyaCase to its logical conclusion‚Ä¶ "
"RT @archu243: Take a bow CJI, #RanjanGogoi 

You will go down in history as the man who brought the #AyodhyaCase to its logical conclusion‚Ä¶ "
"RT @barandbench: #AyodhyaCase: A Supreme Court Bench of Chief Justice of India Ranjan Gogoi and Justices SA Bobde, DY Chandrachud, Ashok Bh‚Ä¶ "
"RT @archu243: Take a bow CJI, #RanjanGogoi 

You will go down in history as the man who brought the #AyodhyaCase to its logical conclusion‚Ä¶ "
"How did you find the Ayodhya Decision?

#WritingCommunity #AYODHYAVERDICT #AyodhyaCase #AyodhyaHearing #Ayodhya‚Ä¶ https://t.co/pOP1yN55cQ "
"RT @barandbench: #AyodhyaCase: A Supreme Court Bench of Chief Justice of India Ranjan Gogoi and Justices SA Bobde, DY Chandrachud, Ashok Bh‚Ä¶ "
"RT @archu243: Take a bow CJI, #RanjanGogoi 

You will go down in history as the man who brought the #AyodhyaCase to its logical conclusion‚Ä¶ "
RT @AkshayIndian007: Ayodhya case verdict today! #Ayodhya #AyodhyaCase #BabriMasjid #AYODHYAVERDICT #AyodhyaHearing #SupremeCourt #Sadhguru‚Ä¶ 
"RT @archu243: Take a bow CJI, #RanjanGogoi 

You will go down in history as the man who brought the #AyodhyaCase to its logical conclusion‚Ä¶ "
"RT @WakeUpHindu: A appeal to maintain peace &amp; Harmony.
#Ayodhya #SupremeCourt #SupremeCourtVerdict
#MandirwahiBanega #RamJanmbhoomi #BabriM‚Ä¶ "
"RT @archu243: Take a bow CJI, #RanjanGogoi 

You will go down in history as the man who brought the #AyodhyaCase to its logical conclusion‚Ä¶ "
#WaqfBoard chairman #ZafarAhmadFarooqui has welcome the #SupremeCourtVerdict in the case. The board has no plans to‚Ä¶ https://t.co/MXXHLxcI0S 
"RT @dna: #AYODHYAVERDICT LIVE Updates: Hindus get disputed land; alternate 5-acre plot to be allotted for Muslims, says SC

#AyodhyaCase #A‚Ä¶ "
"RT @archu243: Take a bow CJI, #RanjanGogoi 

You will go down in history as the man who brought the #AyodhyaCase to its logical conclusion‚Ä¶ "
"RT @SanjayGandhi75: 4 govt freebies some people divided Hindus thru ""Mandal"" but 
""Kamandal"" saved Hindus.

#AYODHYAVERDICT is proof of Hin‚Ä¶ "
"Several WhatsApp groups on Saturday went on ‚Äòadmin only‚Äô mode.
#HYDERABAD 
#Asaduddinowaisi #owaisi #Ayodhyaverdict‚Ä¶ https://t.co/xPz25w6EcC "
"RT @archu243: Take a bow CJI, #RanjanGogoi 

You will go down in history as the man who brought the #AyodhyaCase to its logical conclusion‚Ä¶ "
"RT @archu243: Take a bow CJI, #RanjanGogoi 

You will go down in history as the man who brought the #AyodhyaCase to its logical conclusion‚Ä¶ "
"RT @1manishtiwari: Don't forget them tommorow !

#AYODHYAVERDICT
#AyodhyaCase
#‡§Ö‡§Ø‡•ã‡§ß‡•ç‡§Ø‡§æ
#RamMandir #‡§Ö‡§Ø‡•ã‡§ß‡•ç‡§Ø‡§æ #AyodhyaHearing  #BabriMasjid #A‚Ä¶ "
"RT @archu243: Take a bow CJI, #RanjanGogoi 

You will go down in history as the man who brought the #AyodhyaCase to its logical conclusion‚Ä¶ "
"RT @archu243: Take a bow CJI, #RanjanGogoi 

You will go down in history as the man who brought the #AyodhyaCase to its logical conclusion‚Ä¶ "
"The five judge of #SupremeCourt bench which delivered the #AyodhyaJudgment. (From L to R): #JusticeAshokBhushan,‚Ä¶ https://t.co/l94kMXmyf3 "
RT @NedrickExpress: #SupremeCourt: There is adequate material for ASI to come to the conclusion that #BabriMasjid was not built on vacant l‚Ä¶ 
RT @NedrickExpress: #SupremeCourt: Hindus belief and faith is that #Ayodhya is a religious place and Muslims believe about #BabriMasjid in‚Ä¶ 
RT @NedrickExpress: #SupremeCourt: There is adequate material for ASI to come to the conclusion that #BabriMasjid was not built on vacant l‚Ä¶ 
RT @NedrickExpress: #SupremeCourt: Hindus belief and faith is that #Ayodhya is a religious place and Muslims believe about #BabriMasjid in‚Ä¶ 
"RT @KhuramKTS: Two different nations and two different stories. You decide!

#BabriMasjid
#KartarpurCorridor
#AYODHYAVERDICT
#IqbalDay
#Ram‚Ä¶ "
"RT @PineMartenIndia: Whatever be the decision,stay calm, stay Collected üôèüèº 
#AYODHYAVERDICT 
#BabriMasjid 
#AyodhyaCase 
#AyodhyaHearing 
#‚Ä¶ "
"RT @GauravPandhi: Irrespective of which way the judgement may go, collective prayers by everyone, each one of Hindus, Muslims, Sikhs, Chris‚Ä¶ "
@svaradarajan Timeline Ayodhya: First a #Temple soon to be a #RamTemple again  a historical wrong in between stands‚Ä¶ https://t.co/NqratIYP6Z
#AyodhyaCase was the start for @BJP4India and I think it might be the end of bjp. #SupremeCourt #modi‚Ä¶ https://t.co/WV4jYCErPS 
"RT @GuideforAll: #QuestionOfTheDay:

675. On which river bank is Ayodhya situated ? 

[A] Ganges
[B] Gomati
[C] Saryu
[D] Yamuna

Answer &amp;‚Ä¶ "
Five judges pose for photo after delivering Ayodhya verdict in SC #SupremeCourt #Ayodhya #AyodhyaCase‚Ä¶ https://t.co/qdROObNh9O 
"RT @1manishtiwari: Don't forget them tommorow !

#AYODHYAVERDICT
#AyodhyaCase
#‡§Ö‡§Ø‡•ã‡§ß‡•ç‡§Ø‡§æ
#RamMandir #‡§Ö‡§Ø‡•ã‡§ß‡•ç‡§Ø‡§æ #AyodhyaHearing  #BabriMasjid #A‚Ä¶ "
"RT @PineMartenIndia: Whatever be the decision,stay calm, stay Collected üôèüèº 
#AYODHYAVERDICT 
#BabriMasjid 
#AyodhyaCase 
#AyodhyaHearing 
#‚Ä¶ "
"RT @archu243: Take a bow CJI, #RanjanGogoi 

You will go down in history as the man who brought the #AyodhyaCase to its logical conclusion‚Ä¶ "
"RT @archu243: Take a bow CJI, #RanjanGogoi 

You will go down in history as the man who brought the #AyodhyaCase to its logical conclusion‚Ä¶ "
"RT @1manishtiwari: Don't forget them tommorow !

#AYODHYAVERDICT
#AyodhyaCase
#‡§Ö‡§Ø‡•ã‡§ß‡•ç‡§Ø‡§æ
#RamMandir #‡§Ö‡§Ø‡•ã‡§ß‡•ç‡§Ø‡§æ #AyodhyaHearing  #BabriMasjid #A‚Ä¶ "
"RT @archu243: Take a bow CJI, #RanjanGogoi 

You will go down in history as the man who brought the #AyodhyaCase to its logical conclusion‚Ä¶ "
"RT @archu243: Take a bow CJI, #RanjanGogoi 

You will go down in history as the man who brought the #AyodhyaCase to its logical conclusion‚Ä¶ "
"RT @barandbench: #AyodhyaCase: A Supreme Court Bench of Chief Justice of India Ranjan Gogoi and Justices SA Bobde, DY Chandrachud, Ashok Bh‚Ä¶ "
"RT @archu243: Take a bow CJI, #RanjanGogoi 

You will go down in history as the man who brought the #AyodhyaCase to its logical conclusion‚Ä¶ "
"RT @archu243: Take a bow CJI, #RanjanGogoi 

You will go down in history as the man who brought the #AyodhyaCase to its logical conclusion‚Ä¶ "
"RT @archu243: Take a bow CJI, #RanjanGogoi 

You will go down in history as the man who brought the #AyodhyaCase to its logical conclusion‚Ä¶ "
"RT @archu243: Take a bow CJI, #RanjanGogoi 

You will go down in history as the man who brought the #AyodhyaCase to its logical conclusion‚Ä¶ "
"RT @ritika_ok: Two good news today- #AYODHYAVERDICT and #KartarpurCorridor üôèüèª 

#PakistanOpensKartarpur #RamMandir #AyodhyaCase #AyodhyaJud‚Ä¶ "
"RT @archu243: Take a bow CJI, #RanjanGogoi 

You will go down in history as the man who brought the #AyodhyaCase to its logical conclusion‚Ä¶ "
"RT @barandbench: #AyodhyaCase: A Supreme Court Bench of Chief Justice of India Ranjan Gogoi and Justices SA Bobde, DY Chandrachud, Ashok Bh‚Ä¶ "
"Two good news today- #AYODHYAVERDICT and #KartarpurCorridor üôèüèª 

#PakistanOpensKartarpur #RamMandir #AyodhyaCase‚Ä¶ https://t.co/82E02GQI3P "
"RT @WIONews: #Ayodhyaverdict: Lord Meghnad speaks on landmark Ayodhya judgement at #WION

@kartikeya_1975 @RRRameshRRR @JessicaTaneja

#Ayo‚Ä¶ "
"RT @archu243: Take a bow CJI, #RanjanGogoi 

You will go down in history as the man who brought the #AyodhyaCase to its logical conclusion‚Ä¶ "
"RT @ArmyVanitha: PEACE‚ô•Ô∏è‚ô•Ô∏è
#BabriMasjid
#AyodhyaCase #AYODHYAVERDICT #AyodhyaHearing #RamMandir #AyodhyaJudgment #hindumuslimbhaibhai #JaiS‚Ä¶ "
"Flashback: The Journey Of A Old-Decade Ram Janmaboomi-Babri Masjid Case 

Read Here: https://t.co/Y8TKoVXHNA‚Ä¶ https://t.co/RmFwrSWaM0 "
"RT @VamsiChandReddy: All #Congress leaders shall speak only the official stand of the @INCIndia party on the
#AYODHYAVERDICT #AyodhyaCase #‚Ä¶ "
"RT @archu243: Take a bow CJI, #RanjanGogoi 

You will go down in history as the man who brought the #AyodhyaCase to its logical conclusion‚Ä¶ "
"RT @archu243: Take a bow CJI, #RanjanGogoi 

You will go down in history as the man who brought the #AyodhyaCase to its logical conclusion‚Ä¶ "
"RT @Deewana_Dev_: This is true India and an actual definition of peace attained after the verdict !!

Spread Love and Peace ! ‚ù§

@PraveenSe‚Ä¶ "
RT @ReviewsTweeple: #AYODHYAVERDICT #AyodhyaCase #RamMandir #AyodhyaHearing #BabriMasjid #RamJanmbhoomi #hindumuslimbhaibhai #AyodhyaJudgme‚Ä¶ 
"RT @ThAlkaSingh: @sudhirchaudhary Take a bow CJI, #RanjanGogoi 

You will go down in history as the man who brought the #AyodhyaCase to its‚Ä¶ "
"RT @archu243: Take a bow CJI, #RanjanGogoi 

You will go down in history as the man who brought the #AyodhyaCase to its logical conclusion‚Ä¶ "
"RT @archu243: Take a bow CJI, #RanjanGogoi 

You will go down in history as the man who brought the #AyodhyaCase to its logical conclusion‚Ä¶ "
"RT @archu243: Take a bow CJI, #RanjanGogoi 

You will go down in history as the man who brought the #AyodhyaCase to its logical conclusion‚Ä¶ "
"RT @archu243: Take a bow CJI, #RanjanGogoi 

You will go down in history as the man who brought the #AyodhyaCase to its logical conclusion‚Ä¶ "
"RT @VamsiChandReddy: All #Congress leaders shall speak only the official stand of the @INCIndia party on the
#AYODHYAVERDICT #AyodhyaCase #‚Ä¶ "
"RT @archu243: Take a bow CJI, #RanjanGogoi 

You will go down in history as the man who brought the #AyodhyaCase to its logical conclusion‚Ä¶ "
"RT @archu243: Take a bow CJI, #RanjanGogoi 

You will go down in history as the man who brought the #AyodhyaCase to its logical conclusion‚Ä¶ "
"RT @archu243: Take a bow CJI, #RanjanGogoi 

You will go down in history as the man who brought the #AyodhyaCase to its logical conclusion‚Ä¶ "
"RT @archu243: Take a bow CJI, #RanjanGogoi 

You will go down in history as the man who brought the #AyodhyaCase to its logical conclusion‚Ä¶ "
"RT @archu243: Take a bow CJI, #RanjanGogoi 

You will go down in history as the man who brought the #AyodhyaCase to its logical conclusion‚Ä¶ "
"RT @archu243: Take a bow CJI, #RanjanGogoi 

You will go down in history as the man who brought the #AyodhyaCase to its logical conclusion‚Ä¶ "
"RT @Deewana_Dev_: This is true India and an actual definition of peace attained after the verdict !!

Spread Love and Peace ! ‚ù§

@PraveenSe‚Ä¶ "
"RT @archu243: Take a bow CJI, #RanjanGogoi 

You will go down in history as the man who brought the #AyodhyaCase to its logical conclusion‚Ä¶ "
"RT @archu243: Take a bow CJI, #RanjanGogoi 

You will go down in history as the man who brought the #AyodhyaCase to its logical conclusion‚Ä¶ "
"RT @ChetanNature: Indeed, a historic verdict of honourable Supreme Court. 
Let's imbibe it and respect it. 
#AyodhyaJudgment 
#AyodhyaCase‚Ä¶ "
"RT @archu243: Take a bow CJI, #RanjanGogoi 

You will go down in history as the man who brought the #AyodhyaCase to its logical conclusion‚Ä¶ "
"RT @AgentModii: Hindus got their temple land,Muslims got mosque land,everybody happy
Yhi toh khubsurati hai is desh kiüáÆüá≥
#hindumuslimbhaibh‚Ä¶ "
"RT @mytentaran: Ayodhya land dispute ‚Äì when it started and what happened till now 

#AyodhyaHearing #BabriMasjid #AyodhyaJudgment #AyodhyaV‚Ä¶ "
RT @TheDailyPioneer: #BreakingNews : Chief Justice of India Ranjan Gogoi: We have dismissed the Single Leave Petition(SLP) filed by Shia Wa‚Ä¶ 
RT @cjmitraofficial: Section 144 imposed all across Mumbai till tomorrow 11 am in view of #AYODHYAVERDICT #AyodhyaCase #AyodhyaHearing #Ayo‚Ä¶ 
RT @Indias_pride: Historic judgement is on its way we have to maintain brotherhood and harmony coz nobody will win or loose. Humanity shoul‚Ä¶ 
"RT @Molllzzzzyyy: Yet another 9/11.
Hope sensibility prevails in the name of Humanity.
#AYODHYAVERDICT
#hindumuslimbhaibhai 
#AyodhyaCase‚Ä¶ "
"RT @GulistanNewsTV: Section-144 of CrPC imposed in Sri Ganganagar, till 19th November 2019 &amp; in mumbai city till 11:00 am of tomorrow.
#AYO‚Ä¶ "
RT @thefirstindia: Supreme Court: Titles can‚Äôt be decided on faith and belief but on the claims. Historical accounts indicate the belief of‚Ä¶ 
"RT @gokulfarmer: Video https://t.co/06yLpyCK7r
#AYODHYAVERDICT #AyodhyaCase #AyodhyaHearing #RamMandir #RamMandirCountDown #AyodhyaJudgment‚Ä¶ "
"RT @DrPranav14: Irrespective of the judgement, the sanctity of Ayodhya Mandir will always be questionable in the light of corruption and ho‚Ä¶ "
"RT @iam_Tharani: #AyodhyaCase
#AyodhyaHearing
#AYODHYAVERDICT
#AyodhyaJudgment 
#BabriMasjid #BabriMasjidCase
#RamMandir 

Agree RT 
üôèüôèüôèüôèüôèüôè‚Ä¶ "
RT @GuriOfficial: #BIGBREAKING | #AyodhyaJudgment: SC to pronounce verdict in #RamJanmbhoomi-#BabriMasjid land dispute case at 10:30 a.m. t‚Ä¶ 
"RT @thefirstindia: Supreme Court: Ram Lalla deity lawyer, CS Vaidyanathan (extreme right) in conversation with Dr Rajeev Dhavan, senior law‚Ä¶ "
RT @thefirstindia: Supreme Court: The mosque was not abandoned by the Muslims. Though the Hindus continued to worship at Ram Chabutra but t‚Ä¶ 
"RT @thefirstindia: Section 144 is imposed in entire #JammuAndKashmir ; visuals from Jammu and Reasi. #AyodhyaJudgment 

#AYODHYAVERDICT #Ra‚Ä¶ "
"This is true India and an actual definition of peace attained after the verdict !!

Spread Love and Peace ! ‚ù§‚Ä¶ https://t.co/ujJO4Y5LIv "
"RT @GD9412: What an admirable &amp; neutral result. Thank u honourable SUPREME COURT. 
#AyodhyaHearing #AyodhyaCase #AyodhyaJudgment #AYODHYAVE‚Ä¶ "
RT @DPSikar: Big Breaking: Hindus to get Ayodhya Land  Alternate land to be allowed for Muslims to balance the claim by both the communitie‚Ä¶
"RT @PunePIBM: Let's stand in unity to spread the message of Peace.
We are united. We are India.

#AyodhaVerdict #AyodhyaCase #AyodhyaHearin‚Ä¶ "
RT @astrosumitbajaj: Accurate Prediction : Historical Judgement by Supreme court. #RamMandir #AyodhyaJudgment #BabriMasjid #Ayodhya #Ayodhy‚Ä¶ 
"RT @malik0oo: PM #ImranKhan Arrived at #Sialkot For Inaguration of #kartapurCorridor 
#KartarpurPakistansInitiative  #DGISPR
#BabriMasjid #‚Ä¶ "
"RT @iam_Tharani: #AyodhyaCase
#AyodhyaHearing
#AYODHYAVERDICT
#AyodhyaJudgment 
#BabriMasjid #BabriMasjidCase
#RamMandir 

Agree RT 
üôèüôèüôèüôèüôèüôè‚Ä¶ "
"RT @ArmyVanitha: PEACE‚ô•Ô∏è‚ô•Ô∏è
#BabriMasjid
#AyodhyaCase #AYODHYAVERDICT #AyodhyaHearing #RamMandir #AyodhyaJudgment #hindumuslimbhaibhai #JaiS‚Ä¶ "
"RT @archu243: Take a bow CJI, #RanjanGogoi 

You will go down in history as the man who brought the #AyodhyaCase to its logical conclusion‚Ä¶ "
"RT @archu243: Take a bow CJI, #RanjanGogoi 

You will go down in history as the man who brought the #AyodhyaCase to its logical conclusion‚Ä¶ "
"RT @archu243: Take a bow CJI, #RanjanGogoi 

You will go down in history as the man who brought the #AyodhyaCase to its logical conclusion‚Ä¶ "
"Sunni Waqf Board welcomes Ayodhya verdict, says it won't challenge it 
#sunniwaqf #AYODHYAVERDICT #RamMandir‚Ä¶ https://t.co/zDAsBOhojl "
"RT @barandbench: #AyodhyaCase: A Supreme Court Bench of Chief Justice of India Ranjan Gogoi and Justices SA Bobde, DY Chandrachud, Ashok Bh‚Ä¶ "
"Ram mandir and babri Masjid dispute has finally been solved Here are my views on it
https://t.co/oa5n8zejUy‚Ä¶ https://t.co/SKFYWdhgEB "
"Take a bow CJI, #RanjanGogoi 

You will go down in history as the man who brought the #AyodhyaCase to its logical c‚Ä¶ https://t.co/nxiglwfKBM "
"RT @archu243: Take a bow CJI, #RanjanGogoi 

You will go down in history as the man who brought the #AyodhyaCase to its logical conclusion‚Ä¶ "
"RT @barandbench: #AyodhyaCase: A Supreme Court Bench of Chief Justice of India Ranjan Gogoi and Justices SA Bobde, DY Chandrachud, Ashok Bh‚Ä¶ "
"RT @news24tvchannel: #AyodhyaVerdict Live: There is evidence that Ram Chabutra, Sita Rasoi was worshipped by the Hindus before the British‚Ä¶ "
"RT @archu243: Take a bow CJI, #RanjanGogoi 

You will go down in history as the man who brought the #AyodhyaCase to its logical conclusion‚Ä¶ "
"RT @archu243: Take a bow CJI, #RanjanGogoi 

You will go down in history as the man who brought the #AyodhyaCase to its logical conclusion‚Ä¶ "
"RT @iam_Tharani: #AyodhyaCase
#AyodhyaHearing
#AYODHYAVERDICT
#AyodhyaJudgment 
#BabriMasjid #BabriMasjidCase
#RamMandir 

Agree RT 
üôèüôèüôèüôèüôèüôè‚Ä¶ "
"RT @archu243: Take a bow CJI, #RanjanGogoi 

You will go down in history as the man who brought the #AyodhyaCase to its logical conclusion‚Ä¶ "
"RT @GuideforAll: #QuestionOfTheDay:

675. On which river bank is Ayodhya situated ? 

[A] Ganges
[B] Gomati
[C] Saryu
[D] Yamuna

Answer &amp;‚Ä¶ "
"RT @archu243: Take a bow CJI, #RanjanGogoi 

You will go down in history as the man who brought the #AyodhyaCase to its logical conclusion‚Ä¶ "
"RT @archu243: Take a bow CJI, #RanjanGogoi 

You will go down in history as the man who brought the #AyodhyaCase to its logical conclusion‚Ä¶ "
"RT @archu243: Take a bow CJI, #RanjanGogoi 

You will go down in history as the man who brought the #AyodhyaCase to its logical conclusion‚Ä¶ "
"RT @archu243: Take a bow CJI, #RanjanGogoi 

You will go down in history as the man who brought the #AyodhyaCase to its logical conclusion‚Ä¶ "
"RT @GuideforAll: #QuestionOfTheDay:

675. On which river bank is Ayodhya situated ? 

[A] Ganges
[B] Gomati
[C] Saryu
[D] Yamuna

Answer &amp;‚Ä¶ "
RT @GuideforAll: Big Breaking: Hindus to get Ayodhya Land  Alternate land to be allowed for Muslims to balance the claim by both the commun‚Ä¶
"RT @archu243: Take a bow CJI, #RanjanGogoi 

You will go down in history as the man who brought the #AyodhyaCase to its logical conclusion‚Ä¶ "
"RT @GuideforAll: #QuestionOfTheDay:

675. On which river bank is Ayodhya situated ? 

[A] Ganges
[B] Gomati
[C] Saryu
[D] Yamuna

Answer &amp;‚Ä¶ "
"We are Indians, Be Unitedüë¨üë´üáÆüá≥üë≠üë´ Maintain Peace ‚ù§Ô∏è‚úåÔ∏è #BabriMasjid #AYODHYAVERDICT #AyodhyaHearing #SunniWaqfBoard‚Ä¶ https://t.co/EqpBbQNMhk "
"RT @archu243: Take a bow CJI, #RanjanGogoi 

You will go down in history as the man who brought the #AyodhyaCase to its logical conclusion‚Ä¶ "
"RT @PineMartenIndia: Whatever be the decision,stay calm, stay Collected üôèüèº 
#AYODHYAVERDICT 
#BabriMasjid 
#AyodhyaCase 
#AyodhyaHearing 
#‚Ä¶ "
"RT @KhuramKTS: Two different nations and two different stories. You decide!

#BabriMasjid
#KartarpurCorridor
#AYODHYAVERDICT
#IqbalDay
#Ram‚Ä¶ "
